{
"lengthUnit": "mil",
"components": {
	"fields": ["COMPONENT_NO", "COMPONENT_NAME", "LAYER", "X_COORDINATE", "Y_COORDINATE", "ANGLE"],
	"rows": [
		[1, "B1", "B", 701.42, 1151.58, 90],
		[2, "BRAKE", "T", 875.98, 688.98, 180],
		[3, "C1", "T", -551.18, 698.82, 180],
		[4, "C2", "T", -551.18, 659.45, 180],
		[5, "C3", "T", -492.13, 1391.37, 90],
		[6, "C4", "T", 255.91, 1274.61, 270],
		[7, "C5", "T", -442.91, 649.61, 180],
		[8, "C6", "T", -541.34, 620.08, 0],
		[9, "C7", "T", -137.8, 364.17, 90],
		[10, "C8", "T", -846.46, 501.97, 180],
		[11, "C9", "T", -541.34, 580.71, 180],
		[12, "C10", "T", -216.53, 639.76, 90],
		[13, "C11", "T", -917.24, -19.68, 180],
		[14, "C12", "T", -423.23, 590.55, 180],
		[15, "C13", "T", 809.7, 1230.32, 270],
		[16, "C15", "T", 944.88, 1309.06, 270],
		[17, "C16", "T", 866.14, 1309.06, 270],
		[18, "C17", "T", 590.55, 1254.63, 270],
		[19, "C18", "T", 511.81, 1141.73, 90],
		[20, "C19", "T", 516.99, 1276.4, 270],
		[21, "C20", "T", 556.07, 610.24, 0],
		[22, "C21", "T", 137.8, 364.17, 90],
		[23, "C22", "T", 216.54, 639.76, 90],
		[24, "C23", "T", 679.13, 646.48, 0],
		[25, "C24", "T", 556.07, 570.87, 180],
		[26, "C25", "T", 846.46, 482.28, 0],
		[27, "C26", "T", 108.27, 29.53, 180],
		[28, "C27", "T", 679.13, 580.71, 180],
		[29, "C29", "T", 727.4, 1379.78, 0],
		[30, "C30", "T", 287.46, 1381.19, 270],
		[31, "C33", "T", 275.59, 1171.26, 270],
		[32, "C34", "T", 866.14, 925.2, 90],
		[33, "C35", "T", 944.88, 925.2, 90],
		[34, "C36", "T", 451.92, 954.72, 90],
		[35, "C37", "T", 807.09, 1102.36, 270],
		[36, "C38", "T", 590.55, 1001.28, 90],
		[37, "C39", "T", 517.45, 964.57, 90],
		[38, "C40", "T", 797.24, 925.19, 270],
		[39, "C41", "T", -204.72, 25.61, 180],
		[40, "C42", "T", -917.32, 29.53, 0],
		[41, "C43", "T", 204.73, 29.53, 0],
		[42, "C44", "T", 917.33, 29.53, 180],
		[43, "CN1", "T", -295.28, 1643.7, 180],
		[44, "CN2", "T", -787.4, 1704.73, 180],
		[45, "D1", "T", -783.48, 1497.95, 0],
		[46, "D2", "T", -575.79, 1510.83, 0],
		[47, "D3", "T", -437.5, 1332.45, 90],
		[48, "D6", "T", 403.54, 708.66, 0],
		[49, "DC1", "T", 403.54, 1574.8, 270],
		[50, "H1", "T", 0, -137.79, 180],
		[51, "H2", "T", 157.48, 1614.17, 270],
		[52, "IN1", "T", 804.95, 1537.16, 270],
		[53, "JP1", "T", -49.21, 1614.17, 0],
		[54, "L1", "T", -19.69, 1460.42, 0],
		[55, "L2", "T", 905.51, 1181.1, 90],
		[56, "L3", "T", 905.51, 1053.15, 270],
		[57, "LED1", "T", 719.4, 1803.14, 90],
		[58, "LED2", "T", -551.18, 1820.87, 270],
		[59, "M1", "T", -561.02, 265.75, 0],
		[60, "M2", "T", 561.02, 265.75, 0],
		[61, "MOT1", "T", -492.13, -167.32, 0],
		[62, "MOT2", "T", 492.13, -167.32, 0],
		[63, "MX1", "T", 59.05, 826.77, 0],
		[64, "PS1", "T", 915.35, 1643.7, 180],
		[65, "R1", "T", -374.02, 964.57, 270],
		[66, "R2", "T", -403.54, 836.61, 90],
		[67, "R3", "T", -423.23, 964.57, 90],
		[68, "R4", "T", -452.76, 836.61, 270],
		[69, "R5", "T", -875.98, 1496.06, 90],
		[70, "R6", "T", -531.5, 1382.2, 90],
		[71, "R7", "T", -570.87, 1382.2, 90],
		[72, "R8", "T", -590.55, 1438.5, 0],
		[73, "R9", "T", -669.29, 1496.06, 270],
		[74, "R10", "T", -472.44, 964.57, 270],
		[75, "R11", "T", -305.12, 836.61, 90],
		[76, "R12", "T", 719.4, 1671.36, 270],
		[77, "R13", "T", -521.65, 964.57, 90],
		[78, "R14", "T", -354.33, 836.61, 270],
		[79, "R17", "T", -498.38, 1290.31, 90],
		[80, "R18", "T", 344.49, 1407.48, 0],
		[81, "R20", "T", -925.2, 118.11, 180],
		[82, "R21", "T", -810.66, 29.53, 180],
		[83, "R22", "T", -311.42, 25.61, 0],
		[84, "R23", "T", -196.85, 118.11, 0],
		[85, "R26", "T", 196.85, 118.11, 180],
		[86, "R27", "T", 311.39, 29.53, 180],
		[87, "R28", "T", 925.2, 118.11, 0],
		[88, "R29", "T", 810.75, 29.53, 0],
		[89, "R31", "T", 321.82, 1151.58, 90],
		[90, "R32", "T", 374.02, 1131.89, 90],
		[91, "R35", "T", -550.97, 1712.6, 90],
		[92, "U1", "T", -728.35, 984.25, 270],
		[93, "U3", "T", 0, 1181.1, 270],
		[94, "U7", "T", 701.42, 1210.63, 270],
		[95, "U8", "T", 393.7, 1299.21, 270],
		[96, "U9", "T", 701.42, 1082.68, 270]
	]
},
"pins": {
	"fields": ["PIN_NO", "PIN_NAME", "PIN_X", "PIN_Y", "LAYER", "PIN_TYPE", "NET_NAME", "NET_TYPE", "PAD_SHAPE", "PAD_SIZEX", "PAD_SIZEY", "HOLE_SIZE", "PAD_ANGLE"],
	"rows": [
		[1, "B1_1", 701.42, 836.62, "B", "SMD", "VBAT", "", "R", 157.48, 70.87, 0, 270],
		[2, "B1_2", 701.42, 1466.54, "B", "SMD", "GND", "GND", "R", 157.48, 90.55, 0, 270],
		[3, "BRAKE_1", 915.35, 777.56, "T", "SMD", "GND", "GND", "R", 35.04, 118.11, 0, 180],
		[4, "BRAKE_2", 915.35, 600.4, "T", "SMD", "M1_ENA", "", "R", 35.04, 118.11, 0, 180],
		[5, "BRAKE_3", 836.61, 777.56, "T", "SMD", "VCC", "", "R", 35.04, 118.11, 0, 180],
		[6, "BRAKE_4", 836.61, 600.4, "T", "SMD", "+3.3V", "", "R", 35.04, 118.11, 0, 180],
		[7, "C1_1", -526.87, 698.82, "T", "SMD", "GND", "GND", "R", 25.39, 21.26, 0, 180],
		[8, "C1_2", -575.49, 698.82, "T", "SMD", "+3.3V", "", "R", 25.39, 21.26, 0, 180],
		[9, "C2_1", -526.87, 659.45, "T", "SMD", "GND", "GND", "R", 25.39, 21.26, 0, 180],
		[10, "C2_2", -575.49, 659.45, "T", "SMD", "+3.3V", "", "R", 25.39, 21.26, 0, 180],
		[11, "C3_1", -492.13, 1369.91, "T", "SMD", "+3.3V", "", "R", 31.11, 21.26, 0, 90],
		[12, "C3_2", -492.13, 1412.83, "T", "SMD", "GND", "GND", "R", 31.11, 21.26, 0, 90],
		[13, "C4_1", 255.91, 1302.17, "T", "SMD", "+3.3V", "", "R", 31.5, 35.43, 0, 270],
		[14, "C4_2", 255.91, 1247.05, "T", "SMD", "GND", "GND", "R", 31.5, 35.43, 0, 270],
		[15, "C5_1", -415.35, 649.61, "T", "SMD", "GND", "GND", "R", 31.5, 35.43, 0, 180],
		[16, "C5_2", -470.47, 649.61, "T", "SMD", "VCC", "", "R", 31.5, 35.43, 0, 180],
		[17, "C6_1", -562.8, 620.08, "T", "SMD", "+3.3V", "", "R", 31.11, 21.26, 0, 0],
		[18, "C6_2", -519.88, 620.08, "T", "SMD", "GND", "GND", "R", 31.11, 21.26, 0, 0],
		[19, "C7_1", -137.8, 464.76, "T", "SMD", "VCC", "", "R", 128.35, 45.28, 0, 270],
		[20, "C7_2", -137.8, 263.58, "T", "SMD", "GND", "GND", "R", 128.35, 45.28, 0, 270],
		[21, "C8_1", -783.76, 501.97, "T", "SMD", "VCC", "", "R", 58.47, 68.03, 0, 180],
		[22, "C8_2", -909.16, 501.97, "T", "SMD", "GND", "GND", "R", 58.47, 68.03, 0, 180],
		[23, "C9_1", -519.88, 580.71, "T", "SMD", "GND", "GND", "R", 31.11, 21.26, 0, 180],
		[24, "C9_2", -562.8, 580.71, "T", "SMD", "+3.3V", "", "R", 31.11, 21.26, 0, 180],
		[25, "C10_1", -216.53, 577.06, "T", "SMD", "VCC", "", "R", 58.47, 68.03, 0, 90],
		[26, "C10_2", -216.53, 702.46, "T", "SMD", "GND", "GND", "R", 58.47, 68.03, 0, 90],
		[27, "C11_1", -889.68, -19.68, "T", "SMD", "$3N1533", "", "R", 31.5, 35.43, 0, 180],
		[28, "C11_2", -944.8, -19.68, "T", "SMD", "GND", "GND", "R", 31.5, 35.43, 0, 180],
		[29, "C12_1", -383.86, 590.55, "T", "SMD", "$3N1531", "", "R", 55.51, 53.15, 0, 180],
		[30, "C12_2", -462.6, 590.55, "T", "SMD", "VCC", "", "R", 55.51, 53.15, 0, 180],
		[31, "C13_1", 809.7, 1251.78, "T", "SMD", "$3N23825", "", "R", 31.11, 21.26, 0, 270],
		[32, "C13_2", 809.7, 1208.86, "T", "SMD", "$3N2780", "", "R", 31.11, 21.26, 0, 270],
		[33, "C15_1", 944.88, 1348.43, "T", "SMD", "GND", "GND", "R", 55.51, 53.15, 0, 270],
		[34, "C15_2", 944.88, 1269.69, "T", "SMD", "+5V", "", "R", 55.51, 53.15, 0, 270],
		[35, "C16_1", 866.14, 1348.43, "T", "SMD", "GND", "GND", "R", 55.51, 53.15, 0, 270],
		[36, "C16_2", 866.14, 1269.69, "T", "SMD", "+5V", "", "R", 55.51, 53.15, 0, 270],
		[37, "C17_1", 590.55, 1317.33, "T", "SMD", "GND", "GND", "R", 58.47, 68.03, 0, 270],
		[38, "C17_2", 590.55, 1191.93, "T", "SMD", "VCC", "", "R", 58.47, 68.03, 0, 270],
		[39, "C18_1", 511.81, 1101.18, "T", "SMD", "GND", "GND", "R", 55.51, 53.15, 0, 90],
		[40, "C18_2", 511.81, 1182.28, "T", "SMD", "VCC", "", "R", 55.51, 53.15, 0, 90],
		[41, "C19_1", 516.99, 1303.96, "T", "SMD", "GND", "GND", "R", 31.5, 35.43, 0, 270],
		[42, "C19_2", 516.99, 1248.84, "T", "SMD", "VCC", "", "R", 31.5, 35.43, 0, 270],
		[43, "C20_1", 534.61, 610.24, "T", "SMD", "+3.3V", "", "R", 31.11, 21.26, 0, 0],
		[44, "C20_2", 577.53, 610.24, "T", "SMD", "GND", "GND", "R", 31.11, 21.26, 0, 0],
		[45, "C21_1", 137.8, 464.76, "T", "SMD", "VCC", "", "R", 128.35, 45.28, 0, 270],
		[46, "C21_2", 137.8, 263.58, "T", "SMD", "GND", "GND", "R", 128.35, 45.28, 0, 270],
		[47, "C22_1", 216.54, 577.06, "T", "SMD", "VCC", "", "R", 58.47, 68.03, 0, 90],
		[48, "C22_2", 216.54, 702.46, "T", "SMD", "GND", "GND", "R", 58.47, 68.03, 0, 90],
		[49, "C23_1", 651.57, 646.48, "T", "SMD", "VCC", "", "R", 31.5, 35.43, 0, 0],
		[50, "C23_2", 706.69, 646.48, "T", "SMD", "GND", "GND", "R", 31.5, 35.43, 0, 0],
		[51, "C24_1", 577.53, 570.87, "T", "SMD", "GND", "GND", "R", 31.11, 21.26, 0, 180],
		[52, "C24_2", 534.61, 570.87, "T", "SMD", "+3.3V", "", "R", 31.11, 21.26, 0, 180],
		[53, "C25_1", 783.76, 482.28, "T", "SMD", "VCC", "", "R", 58.47, 68.03, 0, 0],
		[54, "C25_2", 909.16, 482.28, "T", "SMD", "GND", "GND", "R", 58.47, 68.03, 0, 0],
		[55, "C26_1", 135.83, 29.53, "T", "SMD", "$3N1553", "", "R", 31.5, 35.43, 0, 180],
		[56, "C26_2", 80.71, 29.53, "T", "SMD", "GND", "GND", "R", 31.5, 35.43, 0, 180],
		[57, "C27_1", 718.5, 580.71, "T", "SMD", "$3N1552", "", "R", 55.51, 53.15, 0, 180],
		[58, "C27_2", 639.76, 580.71, "T", "SMD", "VCC", "", "R", 55.51, 53.15, 0, 180],
		[59, "C29_1", 674.25, 1379.78, "T", "SMD", "+5V", "", "R", 47.24, 55.12, 0, 0],
		[60, "C29_2", 780.55, 1379.78, "T", "SMD", "GND", "GND", "R", 47.24, 55.12, 0, 0],
		[61, "C30_1", 287.46, 1402.65, "T", "SMD", "GND", "GND", "R", 31.11, 21.26, 0, 270],
		[62, "C30_2", 287.46, 1359.73, "T", "SMD", "$3N39977", "", "R", 31.11, 21.26, 0, 270],
		[63, "C33_1", 275.59, 1192.72, "T", "SMD", "$3N40264", "", "R", 31.11, 21.26, 0, 270],
		[64, "C33_2", 275.59, 1149.8, "T", "SMD", "GND", "GND", "R", 31.11, 21.26, 0, 270],
		[65, "C34_1", 866.14, 885.83, "T", "SMD", "GND", "GND", "R", 55.51, 53.15, 0, 90],
		[66, "C34_2", 866.14, 964.57, "T", "SMD", "+3.3V", "", "R", 55.51, 53.15, 0, 90],
		[67, "C35_1", 944.88, 885.83, "T", "SMD", "GND", "GND", "R", 55.51, 53.15, 0, 90],
		[68, "C35_2", 944.88, 964.57, "T", "SMD", "+3.3V", "", "R", 55.51, 53.15, 0, 90],
		[69, "C36_1", 451.92, 914.17, "T", "SMD", "GND", "GND", "R", 55.51, 53.15, 0, 90],
		[70, "C36_2", 451.92, 995.28, "T", "SMD", "VCC", "", "R", 55.51, 53.15, 0, 90],
		[71, "C37_1", 807.09, 1123.82, "T", "SMD", "$3N44065", "", "R", 31.11, 21.26, 0, 270],
		[72, "C37_2", 807.09, 1080.9, "T", "SMD", "$3N44061", "", "R", 31.11, 21.26, 0, 270],
		[73, "C38_1", 590.55, 938.58, "T", "SMD", "GND", "GND", "R", 58.47, 68.03, 0, 90],
		[74, "C38_2", 590.55, 1063.98, "T", "SMD", "VCC", "", "R", 58.47, 68.03, 0, 90],
		[75, "C39_1", 517.45, 937.01, "T", "SMD", "GND", "GND", "R", 31.5, 35.43, 0, 90],
		[76, "C39_2", 517.45, 992.13, "T", "SMD", "VCC", "", "R", 31.5, 35.43, 0, 90],
		[77, "C40_1", 797.24, 978.34, "T", "SMD", "+3.3V", "", "R", 47.24, 55.12, 0, 270],
		[78, "C40_2", 797.24, 872.04, "T", "SMD", "GND", "GND", "R", 47.24, 55.12, 0, 270],
		[79, "C41_1", -177.16, 25.61, "T", "SMD", "GND", "GND", "R", 31.5, 35.43, 0, 180],
		[80, "C41_2", -232.28, 25.61, "T", "SMD", "$3N1537", "", "R", 31.5, 35.43, 0, 180],
		[81, "C42_1", -944.88, 29.53, "T", "SMD", "GND", "GND", "R", 31.5, 35.43, 0, 0],
		[82, "C42_2", -889.76, 29.53, "T", "SMD", "$3N1538", "", "R", 31.5, 35.43, 0, 0],
		[83, "C43_1", 177.17, 29.53, "T", "SMD", "GND", "GND", "R", 31.5, 35.43, 0, 0],
		[84, "C43_2", 232.29, 29.53, "T", "SMD", "$3N1557", "", "R", 31.5, 35.43, 0, 0],
		[85, "C44_1", 944.89, 29.53, "T", "SMD", "GND", "GND", "R", 31.5, 35.43, 0, 180],
		[86, "C44_2", 889.77, 29.53, "T", "SMD", "$3N1558", "", "R", 31.5, 35.43, 0, 180],
		[87, "CN1_1", -127.95, 1482.29, "T", "SMD", "GND", "GND", "R", 55.12, 98.42, 0, 270],
		[88, "CN1_2", -462.6, 1805.12, "T", "SMD", "RX_REMOTE", "", "R", 55.12, 98.42, 0, 270],
		[89, "CN1_3", -462.6, 1687.01, "T", "SMD", "TX_REMOTE", "", "R", 55.12, 98.42, 0, 270],
		[90, "CN1_4", -462.6, 1533.47, "T", "SMD", "+5V", "", "R", 55.12, 98.42, 0, 270],
		[91, "CN1_5", -127.95, 1805.12, "T", "SMD", "CN1_5", "", "R", 55.12, 98.42, 0, 270],
		[92, "CN2_0", -957.48, 1608.27, "T", "DIP", "GND", "GND", "O", 39.37, 82.68, 62.99, 180],
		[93, "CN2_0", -957.48, 1608.27, "B", "DIP", "GND", "GND", "O", 39.37, 82.68, 62.99, 180],
		[94, "CN2_0", -617.32, 1608.27, "T", "DIP", "GND", "GND", "O", 39.37, 82.68, 62.99, 180],
		[95, "CN2_0", -617.32, 1608.27, "B", "DIP", "GND", "GND", "O", 39.37, 82.68, 62.99, 180],
		[96, "CN2_0", -617.32, 1819.29, "T", "DIP", "GND", "GND", "O", 39.37, 102.36, 82.68, 180],
		[97, "CN2_0", -617.32, 1819.29, "B", "DIP", "GND", "GND", "O", 39.37, 102.36, 82.68, 180],
		[98, "CN2_0", -957.48, 1819.29, "T", "DIP", "GND", "GND", "O", 39.37, 102.36, 82.68, 180],
		[99, "CN2_0", -957.48, 1819.29, "B", "DIP", "GND", "GND", "O", 39.37, 102.36, 82.68, 180],
		[100, "CN2_A1", -669.29, 1590.16, "T", "SMD", "GND", "GND", "R", 11.81, 31.5, 0, 180],
		[101, "CN2_A10", -866.14, 1590.16, "T", "SMD", "CN2_A10", "", "R", 11.81, 31.5, 0, 180],
		[102, "CN2_A11", -885.83, 1590.16, "T", "SMD", "CN2_A11", "", "R", 11.81, 31.5, 0, 180],
		[103, "CN2_A12", -905.51, 1590.16, "T", "SMD", "GND", "GND", "R", 11.81, 31.5, 0, 180],
		[104, "CN2_A2", -688.98, 1590.16, "T", "SMD", "CN2_A2", "", "R", 11.81, 31.5, 0, 180],
		[105, "CN2_A3", -708.66, 1590.16, "T", "SMD", "CN2_A3", "", "R", 11.81, 31.5, 0, 180],
		[106, "CN2_A4", -728.35, 1590.16, "T", "SMD", "VUSB_IN", "", "R", 11.81, 31.5, 0, 180],
		[107, "CN2_A5", -748.03, 1590.16, "T", "SMD", "$1N104749", "", "R", 11.81, 31.5, 0, 180],
		[108, "CN2_A6", -767.72, 1590.16, "T", "SMD", "D+", "", "R", 11.81, 31.5, 0, 180],
		[109, "CN2_A7", -807.09, 1590.16, "T", "SMD", "D-", "", "R", 11.81, 31.5, 0, 180],
		[110, "CN2_A8", -826.77, 1590.16, "T", "SMD", "CN2_A8", "", "R", 11.81, 31.5, 0, 180],
		[111, "CN2_A9", -846.46, 1590.16, "T", "SMD", "VUSB_IN", "", "R", 11.81, 31.5, 0, 180],
		[112, "CN2_B1", -909.45, 1643.31, "T", "SMD", "GND", "GND", "R", 39.37, 27.56, 0, 180],
		[113, "CN2_B10", -718.5, 1643.31, "T", "SMD", "CN2_B10", "", "R", 11.81, 27.56, 0, 180],
		[114, "CN2_B11", -698.82, 1643.31, "T", "SMD", "CN2_B11", "", "R", 11.81, 27.56, 0, 180],
		[115, "CN2_B12", -665.35, 1643.31, "T", "SMD", "GND", "GND", "P", 39.37, 27.56, 0, 180],
		[116, "CN2_B2", -875.98, 1643.31, "T", "SMD", "CN2_B2", "", "R", 11.81, 27.56, 0, 180],
		[117, "CN2_B3", -856.3, 1643.31, "T", "SMD", "CN2_B3", "", "R", 11.81, 27.56, 0, 180],
		[118, "CN2_B4", -836.61, 1643.31, "T", "SMD", "VUSB_IN", "", "R", 11.81, 27.56, 0, 180],
		[119, "CN2_B5", -816.93, 1643.31, "T", "SMD", "$1N104745", "", "R", 11.81, 27.56, 0, 180],
		[120, "CN2_B6", -797.24, 1643.31, "T", "SMD", "D+", "", "R", 11.81, 27.56, 0, 180],
		[121, "CN2_B7", -777.56, 1643.31, "T", "SMD", "D-", "", "R", 11.81, 27.56, 0, 180],
		[122, "CN2_B8", -757.87, 1643.31, "T", "SMD", "CN2_B8", "", "R", 11.81, 27.56, 0, 180],
		[123, "CN2_B9", -738.19, 1643.31, "T", "SMD", "VUSB_IN", "", "R", 11.81, 27.56, 0, 180],
		[124, "D1_1", -819.7, 1523.54, "T", "SMD", "GND", "GND", "R", 27.56, 16.54, 0, 0],
		[125, "D1_2", -819.7, 1497.95, "T", "SMD", "VUSB_IN", "", "R", 27.56, 16.54, 0, 0],
		[126, "D1_3", -819.7, 1472.36, "T", "SMD", "D-", "", "R", 27.56, 16.54, 0, 0],
		[127, "D1_4", -747.27, 1472.36, "T", "SMD", "GND", "GND", "R", 27.56, 16.54, 0, 0],
		[128, "D1_5", -747.27, 1497.95, "T", "SMD", "VUSB_IN", "", "R", 27.56, 16.54, 0, 0],
		[129, "D1_6", -747.27, 1523.54, "T", "SMD", "D+", "", "R", 27.56, 16.54, 0, 0],
		[130, "D2_1", -612, 1536.42, "T", "SMD", "GND", "GND", "R", 27.56, 16.54, 0, 0],
		[131, "D2_2", -612, 1510.83, "T", "SMD", "+3.3V", "", "R", 27.56, 16.54, 0, 0],
		[132, "D2_3", -612, 1485.24, "T", "SMD", "RX_REMOTE", "", "R", 27.56, 16.54, 0, 0],
		[133, "D2_4", -539.57, 1485.24, "T", "SMD", "GND", "GND", "R", 27.56, 16.54, 0, 0],
		[134, "D2_5", -539.57, 1510.83, "T", "SMD", "+3.3V", "", "R", 27.56, 16.54, 0, 0],
		[135, "D2_6", -539.57, 1536.42, "T", "SMD", "TX_REMOTE", "", "R", 27.56, 16.54, 0, 0],
		[136, "D3_1", -437.5, 1286.29, "T", "SMD", "$3N2384", "", "R", 39.37, 29.53, 0, 90],
		[137, "D3_2", -437.5, 1378.62, "T", "SMD", "+3.3V", "", "R", 39.37, 29.53, 0, 90],
		[138, "D6_1", 316.93, 708.66, "T", "SMD", "VCC", "", "R", 78.74, 78.74, 0, 180],
		[139, "D6_2", 490.15, 708.66, "T", "SMD", "GND", "GND", "R", 78.74, 78.74, 0, 180],
		[140, "DC1_1", 496.13, 1456.69, "T", "DIP", "$3N39869", "", "O", 165.35, 70.87, 137.79, 0],
		[141, "DC1_1", 496.13, 1456.69, "B", "DIP", "$3N39869", "", "O", 165.35, 70.87, 137.79, 0],
		[142, "DC1_2", 496.13, 1692.91, "T", "DIP", "GND", "GND", "O", 157.48, 70.87, 129.92, 180],
		[143, "DC1_2", 496.13, 1692.91, "B", "DIP", "GND", "GND", "O", 157.48, 70.87, 129.92, 180],
		[144, "DC1_3", 310.96, 1574.81, "T", "DIP", "DC1_3", "", "O", 157.48, 70.87, 129.92, 270],
		[145, "DC1_3", 310.96, 1574.81, "B", "DIP", "DC1_3", "", "O", 157.48, 70.87, 129.92, 270],
		[146, "H1_1", 150, -87.79, "T", "DIP", "GND", "GND", "R", 62.99, 62.99, 43.31, 180],
		[147, "H1_1", 150, -87.79, "B", "DIP", "GND", "GND", "R", 62.99, 62.99, 43.31, 180],
		[148, "H1_2", 150, -187.79, "T", "DIP", "GND", "GND", "C", 62.99, 62.99, 43.31, 180],
		[149, "H1_2", 150, -187.79, "B", "DIP", "GND", "GND", "C", 62.99, 62.99, 43.31, 180],
		[150, "H1_3", 50, -87.79, "T", "DIP", "M1_ENCA_IN", "", "C", 62.99, 62.99, 43.31, 180],
		[151, "H1_3", 50, -87.79, "B", "DIP", "M1_ENCA_IN", "", "C", 62.99, 62.99, 43.31, 180],
		[152, "H1_4", 50, -187.79, "T", "DIP", "M2_ENCA_IN", "", "C", 62.99, 62.99, 43.31, 180],
		[153, "H1_4", 50, -187.79, "B", "DIP", "M2_ENCA_IN", "", "C", 62.99, 62.99, 43.31, 180],
		[154, "H1_5", -50, -87.79, "T", "DIP", "M1_ENCB_IN", "", "C", 62.99, 62.99, 43.31, 180],
		[155, "H1_5", -50, -87.79, "B", "DIP", "M1_ENCB_IN", "", "C", 62.99, 62.99, 43.31, 180],
		[156, "H1_6", -50, -187.79, "T", "DIP", "M2_ENCB_IN", "", "C", 62.99, 62.99, 43.31, 180],
		[157, "H1_6", -50, -187.79, "B", "DIP", "M2_ENCB_IN", "", "C", 62.99, 62.99, 43.31, 180],
		[158, "H1_7", -150, -87.79, "T", "DIP", "+5V", "", "C", 62.99, 62.99, 43.31, 180],
		[159, "H1_7", -150, -87.79, "B", "DIP", "+5V", "", "C", 62.99, 62.99, 43.31, 180],
		[160, "H1_8", -150, -187.79, "T", "DIP", "+5V", "", "C", 62.99, 62.99, 43.31, 180],
		[161, "H1_8", -150, -187.79, "B", "DIP", "+5V", "", "C", 62.99, 62.99, 43.31, 180],
		[162, "H2_1", 107.48, 1764.17, "T", "DIP", "TX_DEBUG", "", "C", 62.99, 62.99, 43.31, 270],
		[163, "H2_1", 107.48, 1764.17, "B", "DIP", "TX_DEBUG", "", "C", 62.99, 62.99, 43.31, 270],
		[164, "H2_2", 207.48, 1764.17, "T", "DIP", "+3.3V", "", "C", 62.99, 62.99, 43.31, 270],
		[165, "H2_2", 207.48, 1764.17, "B", "DIP", "+3.3V", "", "C", 62.99, 62.99, 43.31, 270],
		[166, "H2_3", 107.48, 1664.17, "T", "DIP", "PRG_ESP", "", "C", 62.99, 62.99, 43.31, 270],
		[167, "H2_3", 107.48, 1664.17, "B", "DIP", "PRG_ESP", "", "C", 62.99, 62.99, 43.31, 270],
		[168, "H2_4", 207.48, 1664.17, "T", "DIP", "RST_ESP", "", "C", 62.99, 62.99, 43.31, 270],
		[169, "H2_4", 207.48, 1664.17, "B", "DIP", "RST_ESP", "", "C", 62.99, 62.99, 43.31, 270],
		[170, "H2_5", 107.48, 1564.17, "T", "DIP", "H2_5", "", "C", 62.99, 62.99, 43.31, 270],
		[171, "H2_5", 107.48, 1564.17, "B", "DIP", "H2_5", "", "C", 62.99, 62.99, 43.31, 270],
		[172, "H2_6", 207.48, 1564.17, "T", "DIP", "H2_6", "", "C", 62.99, 62.99, 43.31, 270],
		[173, "H2_6", 207.48, 1564.17, "B", "DIP", "H2_6", "", "C", 62.99, 62.99, 43.31, 270],
		[174, "H2_7", 107.48, 1464.17, "T", "DIP", "GND", "GND", "R", 62.99, 62.99, 43.31, 270],
		[175, "H2_7", 107.48, 1464.17, "B", "DIP", "GND", "GND", "R", 62.99, 62.99, 43.31, 270],
		[176, "H2_8", 207.48, 1464.17, "T", "DIP", "RX_DEBUG", "", "C", 62.99, 62.99, 43.31, 270],
		[177, "H2_8", 207.48, 1464.17, "B", "DIP", "RX_DEBUG", "", "C", 62.99, 62.99, 43.31, 270],
		[178, "IN1_1", 804.95, 1587.16, "T", "DIP", "GND", "GND", "R", 78.74, 78.74, 47.24, 270],
		[179, "IN1_1", 804.95, 1587.16, "B", "DIP", "GND", "GND", "R", 78.74, 78.74, 47.24, 270],
		[180, "IN1_2", 804.95, 1487.16, "T", "DIP", "$3N39869", "", "C", 78.74, 78.74, 47.24, 270],
		[181, "IN1_2", 804.95, 1487.16, "B", "DIP", "$3N39869", "", "C", 78.74, 78.74, 47.24, 270],
		[182, "JP1_1", -49.21, 1584.16, "T", "SMD", "$1N143386", "", "R", 39.37, 41.34, 0, 0],
		[183, "JP1_2", -107.28, 1644.19, "T", "SMD", "GND", "GND", "R", 41.34, 86.61, 0, 0],
		[184, "JP1_3", 8.86, 1644.19, "T", "SMD", "GND", "GND", "R", 41.34, 86.61, 0, 0],
		[185, "L1_1", 7.87, 1460.42, "T", "SMD", "$1N92540", "", "R", 31.5, 34.02, 0, 180],
		[186, "L1_2", -47.24, 1460.42, "T", "SMD", "$1N143386", "", "R", 31.5, 34.02, 0, 180],
		[187, "L2_1", 905.51, 1143.68, "T", "SMD", "$3N2780", "", "R", 39.37, 86.61, 0, 90],
		[188, "L2_2", 905.51, 1218.52, "T", "SMD", "+5V", "", "R", 39.37, 86.61, 0, 90],
		[189, "L3_1", 905.51, 1090.57, "T", "SMD", "$3N44061", "", "R", 39.37, 86.61, 0, 270],
		[190, "L3_2", 905.51, 1015.73, "T", "SMD", "+3.3V", "", "R", 39.37, 86.61, 0, 270],
		[191, "LED1_1", 719.4, 1836.64, "T", "SMD", "+3.3V", "", "R", 31.5, 31.5, 0, 180],
		[192, "LED1_2", 719.4, 1769.64, "T", "SMD", "$1N106286", "", "R", 31.5, 31.5, 0, 180],
		[193, "LED2_1", -551.32, 1852.34, "T", "SMD", "GND", "GND", "R", 31.5, 31.5, 0, 0],
		[194, "LED2_2", -551.05, 1789.39, "T", "SMD", "$1N106279", "", "R", 31.5, 31.5, 0, 0],
		[195, "M1_1", -797.24, 423.23, "T", "SMD", "VCC", "", "R", 59.05, 19.7, 0, 180],
		[196, "M1_2", -797.24, 375.98, "T", "SMD", "M1_BMA1", "", "R", 59.05, 51.18, 0, 180],
		[197, "M1_2", -797.24, 218.5, "T", "SMD", "M1_BMA1", "", "R", 59.05, 51.18, 0, 180],
		[198, "M1_4", -797.24, 328.75, "T", "SMD", "VCC", "", "R", 59.05, 19.7, 0, 180],
		[199, "M1_5", -797.24, 281.5, "T", "SMD", "M1_BMA2", "", "R", 59.05, 51.18, 0, 180],
		[200, "M1_5", -797.24, 124.02, "T", "SMD", "M1_BMA2", "", "R", 59.05, 51.18, 0, 180],
		[201, "M1_9", -797.24, 171.26, "T", "SMD", "$3N1538", "", "R", 59.05, 19.7, 0, 180],
		[202, "M1_12", -718.5, 29.53, "T", "SMD", "$3N1535", "", "R", 19.7, 59.05, 0, 180],
		[203, "M1_13", -686.99, 29.53, "T", "SMD", "$3N1533", "", "R", 19.7, 59.05, 0, 180],
		[204, "M1_14", -655.51, 29.53, "T", "SMD", "MISO", "", "R", 19.7, 59.05, 0, 180],
		[205, "M1_15", -624.02, 29.53, "T", "SMD", "MOSI", "", "R", 19.7, 59.05, 0, 180],
		[206, "M1_16", -592.52, 29.53, "T", "SMD", "SCK", "", "R", 19.7, 59.05, 0, 180],
		[207, "M1_17", -561.02, 29.53, "T", "SMD", "GND", "GND", "R", 19.7, 59.05, 0, 180],
		[208, "M1_18", -529.53, 29.53, "T", "SMD", "M1_CS", "", "R", 19.7, 59.05, 0, 180],
		[209, "M1_19", -498.02, 29.53, "T", "SMD", "M1_ENA", "", "R", 19.7, 59.05, 0, 180],
		[210, "M1_20", -466.54, 29.53, "T", "SMD", "M1_20", "", "R", 19.7, 59.05, 0, 180],
		[211, "M1_21", -435.04, 29.53, "T", "SMD", "GND", "GND", "R", 19.7, 59.05, 0, 180],
		[212, "M1_22", -403.54, 29.53, "T", "SMD", "$3N1534", "", "R", 19.7, 59.05, 0, 180],
		[213, "M1_23", -324.8, 124.02, "T", "SMD", "M1_BMB2", "", "R", 59.05, 51.18, 0, 180],
		[214, "M1_23", -324.8, 281.5, "T", "SMD", "M1_BMB2", "", "R", 59.05, 51.18, 0, 180],
		[215, "M1_25", -324.8, 171.26, "T", "SMD", "$3N1537", "", "R", 59.05, 19.7, 0, 180],
		[216, "M1_26", -324.8, 218.5, "T", "SMD", "M1_BMB1", "", "R", 59.05, 51.18, 0, 180],
		[217, "M1_26", -324.8, 375.98, "T", "SMD", "M1_BMB1", "", "R", 59.05, 51.18, 0, 180],
		[218, "M1_30", -324.8, 328.75, "T", "SMD", "VCC", "", "R", 59.05, 19.7, 0, 180],
		[219, "M1_33", -324.8, 423.23, "T", "SMD", "VCC", "", "R", 59.05, 19.7, 0, 180],
		[220, "M1_34", -403.54, 501.97, "T", "SMD", "VCC", "", "R", 19.7, 59.05, 0, 180],
		[221, "M1_35", -435.04, 501.97, "T", "SMD", "$3N1531", "", "R", 19.7, 59.05, 0, 180],
		[222, "M1_36", -466.54, 501.97, "T", "SMD", "VCC", "", "R", 19.7, 59.05, 0, 180],
		[223, "M1_37", -498.02, 501.97, "T", "SMD", "M1_37", "", "R", 19.7, 59.05, 0, 180],
		[224, "M1_38", -529.53, 501.97, "T", "SMD", "M1_38", "", "R", 19.7, 59.05, 0, 180],
		[225, "M1_39", -561.02, 501.97, "T", "SMD", "GND", "GND", "R", 19.7, 59.05, 0, 180],
		[226, "M1_40", -592.52, 501.97, "T", "SMD", "+3.3V", "", "R", 19.7, 59.05, 0, 180],
		[227, "M1_41", -624.02, 501.97, "T", "SMD", "M1_DIR", "", "R", 19.7, 59.05, 0, 180],
		[228, "M1_42", -655.51, 501.97, "T", "SMD", "M1_STEP", "", "R", 19.7, 59.05, 0, 180],
		[229, "M1_43", -686.99, 501.97, "T", "SMD", "GND", "GND", "R", 19.7, 59.05, 0, 180],
		[230, "M1_44", -718.5, 501.97, "T", "SMD", "GND", "GND", "R", 19.7, 59.05, 0, 180],
		[231, "M2_1", 324.8, 423.23, "T", "SMD", "VCC", "", "R", 59.05, 19.7, 0, 180],
		[232, "M2_2", 324.8, 375.98, "T", "SMD", "M2_BMA1", "", "R", 59.05, 51.18, 0, 180],
		[233, "M2_2", 324.8, 218.5, "T", "SMD", "M2_BMA1", "", "R", 59.05, 51.18, 0, 180],
		[234, "M2_4", 324.8, 328.75, "T", "SMD", "VCC", "", "R", 59.05, 19.7, 0, 180],
		[235, "M2_5", 324.8, 281.5, "T", "SMD", "M2_BMA2", "", "R", 59.05, 51.18, 0, 180],
		[236, "M2_5", 324.8, 124.02, "T", "SMD", "M2_BMA2", "", "R", 59.05, 51.18, 0, 180],
		[237, "M2_9", 324.8, 171.26, "T", "SMD", "$3N1557", "", "R", 59.05, 19.7, 0, 180],
		[238, "M2_12", 403.54, 29.53, "T", "SMD", "$3N1554", "", "R", 19.7, 59.05, 0, 180],
		[239, "M2_13", 435.05, 29.53, "T", "SMD", "$3N1553", "", "R", 19.7, 59.05, 0, 180],
		[240, "M2_14", 466.54, 29.53, "T", "SMD", "MISO", "", "R", 19.7, 59.05, 0, 180],
		[241, "M2_15", 498.02, 29.53, "T", "SMD", "MOSI", "", "R", 19.7, 59.05, 0, 180],
		[242, "M2_16", 529.53, 29.53, "T", "SMD", "SCK", "", "R", 19.7, 59.05, 0, 180],
		[243, "M2_17", 561.02, 29.53, "T", "SMD", "GND", "GND", "R", 19.7, 59.05, 0, 180],
		[244, "M2_18", 592.52, 29.53, "T", "SMD", "M2_CS", "", "R", 19.7, 59.05, 0, 180],
		[245, "M2_19", 624.02, 29.53, "T", "SMD", "M2_ENA", "", "R", 19.7, 59.05, 0, 180],
		[246, "M2_20", 655.51, 29.53, "T", "SMD", "M2_20", "", "R", 19.7, 59.05, 0, 180],
		[247, "M2_21", 687.01, 29.53, "T", "SMD", "GND", "GND", "R", 19.7, 59.05, 0, 180],
		[248, "M2_22", 718.5, 29.53, "T", "SMD", "$3N1555", "", "R", 19.7, 59.05, 0, 180],
		[249, "M2_23", 797.24, 124.02, "T", "SMD", "M2_BMB2", "", "R", 59.05, 51.18, 0, 180],
		[250, "M2_23", 797.24, 281.5, "T", "SMD", "M2_BMB2", "", "R", 59.05, 51.18, 0, 180],
		[251, "M2_25", 797.24, 171.26, "T", "SMD", "$3N1558", "", "R", 59.05, 19.7, 0, 180],
		[252, "M2_26", 797.24, 218.5, "T", "SMD", "M2_BMB1", "", "R", 59.05, 51.18, 0, 180],
		[253, "M2_26", 797.24, 375.98, "T", "SMD", "M2_BMB1", "", "R", 59.05, 51.18, 0, 180],
		[254, "M2_30", 797.24, 328.75, "T", "SMD", "VCC", "", "R", 59.05, 19.7, 0, 180],
		[255, "M2_33", 797.24, 423.23, "T", "SMD", "VCC", "", "R", 59.05, 19.7, 0, 180],
		[256, "M2_34", 718.5, 501.97, "T", "SMD", "VCC", "", "R", 19.7, 59.05, 0, 180],
		[257, "M2_35", 687.01, 501.97, "T", "SMD", "$3N1552", "", "R", 19.7, 59.05, 0, 180],
		[258, "M2_36", 655.51, 501.97, "T", "SMD", "VCC", "", "R", 19.7, 59.05, 0, 180],
		[259, "M2_37", 624.02, 501.97, "T", "SMD", "M2_37", "", "R", 19.7, 59.05, 0, 180],
		[260, "M2_38", 592.52, 501.97, "T", "SMD", "M2_38", "", "R", 19.7, 59.05, 0, 180],
		[261, "M2_39", 561.02, 501.97, "T", "SMD", "GND", "GND", "R", 19.7, 59.05, 0, 180],
		[262, "M2_40", 529.53, 501.97, "T", "SMD", "+3.3V", "", "R", 19.7, 59.05, 0, 180],
		[263, "M2_41", 498.02, 501.97, "T", "SMD", "M2_DIR", "", "R", 19.7, 59.05, 0, 180],
		[264, "M2_42", 466.54, 501.97, "T", "SMD", "M2_STEP", "", "R", 19.7, 59.05, 0, 180],
		[265, "M2_43", 435.05, 501.97, "T", "SMD", "GND", "GND", "R", 19.7, 59.05, 0, 180],
		[266, "M2_44", 403.54, 501.97, "T", "SMD", "GND", "GND", "R", 19.7, 59.05, 0, 180],
		[267, "MOT1_1", -698.82, -167.32, "T", "DIP", "M1_BMA1", "", "C", 82.68, 82.68, 51.18, 0],
		[268, "MOT1_1", -698.82, -167.32, "B", "DIP", "M1_BMA1", "", "C", 82.68, 82.68, 51.18, 0],
		[269, "MOT1_2", -561.03, -167.32, "T", "DIP", "M1_BMA2", "", "C", 82.68, 82.68, 51.18, 0],
		[270, "MOT1_2", -561.03, -167.32, "B", "DIP", "M1_BMA2", "", "C", 82.68, 82.68, 51.18, 0],
		[271, "MOT1_3", -423.23, -167.32, "T", "DIP", "M1_BMB2", "", "C", 82.68, 82.68, 51.18, 0],
		[272, "MOT1_3", -423.23, -167.32, "B", "DIP", "M1_BMB2", "", "C", 82.68, 82.68, 51.18, 0],
		[273, "MOT1_4", -285.44, -167.32, "T", "DIP", "M1_BMB1", "", "C", 82.68, 82.68, 51.18, 0],
		[274, "MOT1_4", -285.44, -167.32, "B", "DIP", "M1_BMB1", "", "C", 82.68, 82.68, 51.18, 0],
		[275, "MOT2_1", 285.44, -167.32, "T", "DIP", "M2_BMA1", "", "C", 82.68, 82.68, 51.18, 0],
		[276, "MOT2_1", 285.44, -167.32, "B", "DIP", "M2_BMA1", "", "C", 82.68, 82.68, 51.18, 0],
		[277, "MOT2_2", 423.23, -167.32, "T", "DIP", "M2_BMA2", "", "C", 82.68, 82.68, 51.18, 0],
		[278, "MOT2_2", 423.23, -167.32, "B", "DIP", "M2_BMA2", "", "C", 82.68, 82.68, 51.18, 0],
		[279, "MOT2_3", 561.03, -167.32, "T", "DIP", "M2_BMB2", "", "C", 82.68, 82.68, 51.18, 0],
		[280, "MOT2_3", 561.03, -167.32, "B", "DIP", "M2_BMB2", "", "C", 82.68, 82.68, 51.18, 0],
		[281, "MOT2_4", 698.82, -167.32, "T", "DIP", "M2_BMB1", "", "C", 82.68, 82.68, 51.18, 0],
		[282, "MOT2_4", 698.82, -167.32, "B", "DIP", "M2_BMB1", "", "C", 82.68, 82.68, 51.18, 0],
		[283, "MX1_1", 124.01, 909.52, "T", "SMD", "GND", "GND", "P", 122.05, 122.05, 0, 0],
		[284, "MX1_1", -23.7, 891.73, "T", "SMD", "GND", "GND", "P", 122.05, 122.05, 0, 0],
		[285, "MX1_1", -5.91, 744.02, "T", "SMD", "GND", "GND", "P", 122.05, 122.05, 0, 0],
		[286, "MX1_1", 141.8, 761.81, "T", "SMD", "GND", "GND", "P", 122.05, 122.05, 0, 0],
		[287, "PS1_1", 915.35, 1843.7, "T", "DIP", "$3N39927", "", "C", 60, 60, 36, 270],
		[288, "PS1_1", 915.35, 1843.7, "B", "DIP", "$3N39927", "", "C", 60, 60, 36, 270],
		[289, "PS1_2", 815.35, 1843.7, "T", "DIP", "$3N39927", "", "C", 60, 60, 36, 270],
		[290, "PS1_2", 815.35, 1843.7, "B", "DIP", "$3N39927", "", "C", 60, 60, 36, 270],
		[291, "PS1_4", 915.35, 1443.7, "T", "DIP", "$3N39869", "", "C", 60, 60, 36, 270],
		[292, "PS1_4", 915.35, 1443.7, "B", "DIP", "$3N39869", "", "C", 60, 60, 36, 270],
		[293, "PS1_5", 915.35, 1543.7, "T", "DIP", "$3N39858", "", "C", 60, 60, 36, 270],
		[294, "PS1_5", 915.35, 1543.7, "B", "DIP", "$3N39858", "", "C", 60, 60, 36, 270],
		[295, "PS1_6", 915.35, 1643.7, "T", "DIP", "PS1_6", "", "C", 60, 60, 36, 270],
		[296, "PS1_6", 915.35, 1643.7, "B", "DIP", "PS1_6", "", "C", 60, 60, 36, 270],
		[297, "R1_1", -374.02, 994.23, "T", "SMD", "M1_ENCA_IN", "", "R", 31.75, 34.02, 0, 270],
		[298, "R1_2", -374.02, 934.91, "T", "SMD", "M1_ENCA", "", "R", 31.75, 34.02, 0, 270],
		[299, "R2_1", -403.54, 806.95, "T", "SMD", "M1_ENCB_IN", "", "R", 31.75, 34.02, 0, 90],
		[300, "R2_2", -403.54, 866.27, "T", "SMD", "M1_ENCB", "", "R", 31.75, 34.02, 0, 90],
		[301, "R3_1", -423.23, 934.91, "T", "SMD", "M1_ENCA", "", "R", 31.75, 34.02, 0, 90],
		[302, "R3_2", -423.23, 994.23, "T", "SMD", "GND", "GND", "R", 31.75, 34.02, 0, 90],
		[303, "R4_1", -452.76, 866.27, "T", "SMD", "M1_ENCB", "", "R", 31.75, 34.02, 0, 270],
		[304, "R4_2", -452.76, 806.95, "T", "SMD", "GND", "GND", "R", 31.75, 34.02, 0, 270],
		[305, "R5_1", -875.98, 1466.4, "T", "SMD", "GND", "GND", "R", 31.75, 34.02, 0, 90],
		[306, "R5_2", -875.98, 1525.72, "T", "SMD", "$1N104745", "", "R", 31.75, 34.02, 0, 90],
		[307, "R6_1", -531.5, 1365.16, "T", "SMD", "+3.3V", "", "R", 22.27, 21.26, 0, 90],
		[308, "R6_2", -531.5, 1399.24, "T", "SMD", "TX_REMOTE", "", "R", 22.27, 21.26, 0, 90],
		[309, "R7_1", -570.87, 1365.16, "T", "SMD", "$1N74186", "", "R", 22.27, 21.26, 0, 90],
		[310, "R7_2", -570.87, 1399.24, "T", "SMD", "TX_REMOTE", "", "R", 22.27, 21.26, 0, 90],
		[311, "R8_1", -607.59, 1438.5, "T", "SMD", "$1N74185", "", "R", 22.27, 21.26, 0, 0],
		[312, "R8_2", -573.51, 1438.5, "T", "SMD", "RX_REMOTE", "", "R", 22.27, 21.26, 0, 0],
		[313, "R9_1", -669.29, 1525.72, "T", "SMD", "$1N104749", "", "R", 31.75, 34.02, 0, 270],
		[314, "R9_2", -669.29, 1466.4, "T", "SMD", "GND", "GND", "R", 31.75, 34.02, 0, 270],
		[315, "R10_1", -472.44, 994.23, "T", "SMD", "M2_ENCA_IN", "", "R", 31.75, 34.02, 0, 270],
		[316, "R10_2", -472.44, 934.91, "T", "SMD", "M2_ENCA", "", "R", 31.75, 34.02, 0, 270],
		[317, "R11_1", -305.12, 806.95, "T", "SMD", "M2_ENCB_IN", "", "R", 31.75, 34.02, 0, 90],
		[318, "R11_2", -305.12, 866.27, "T", "SMD", "M2_ENCB", "", "R", 31.75, 34.02, 0, 90],
		[319, "R12_1", 719.4, 1701.02, "T", "SMD", "$1N106286", "", "R", 31.75, 34.02, 0, 270],
		[320, "R12_2", 719.4, 1641.7, "T", "SMD", "GND", "GND", "R", 31.75, 34.02, 0, 270],
		[321, "R13_1", -521.65, 934.91, "T", "SMD", "M2_ENCA", "", "R", 31.75, 34.02, 0, 90],
		[322, "R13_2", -521.65, 994.23, "T", "SMD", "GND", "GND", "R", 31.75, 34.02, 0, 90],
		[323, "R14_1", -354.33, 866.27, "T", "SMD", "M2_ENCB", "", "R", 31.75, 34.02, 0, 270],
		[324, "R14_2", -354.33, 806.95, "T", "SMD", "GND", "GND", "R", 31.75, 34.02, 0, 270],
		[325, "R17_1", -498.38, 1260.65, "T", "SMD", "$3N2384", "", "R", 31.75, 34.02, 0, 90],
		[326, "R17_2", -498.38, 1319.97, "T", "SMD", "VBAT", "", "R", 31.75, 34.02, 0, 90],
		[327, "R18_1", 327.45, 1407.48, "T", "SMD", "GND", "GND", "R", 22.27, 21.26, 0, 0],
		[328, "R18_2", 361.53, 1407.48, "T", "SMD", "$3N39858", "", "R", 22.27, 21.26, 0, 0],
		[329, "R20_1", -868.46, 118.11, "T", "SMD", "$3N1538", "", "R", 50.49, 110.55, 0, 180],
		[330, "R20_2", -981.94, 118.11, "T", "SMD", "GND", "GND", "R", 50.49, 110.55, 0, 180],
		[331, "R21_1", -781, 29.53, "T", "SMD", "$3N1535", "", "R", 31.75, 34.02, 0, 180],
		[332, "R21_2", -840.32, 29.53, "T", "SMD", "$3N1538", "", "R", 31.75, 34.02, 0, 180],
		[333, "R22_1", -341.08, 25.61, "T", "SMD", "$3N1534", "", "R", 31.75, 34.02, 0, 0],
		[334, "R22_2", -281.76, 25.61, "T", "SMD", "$3N1537", "", "R", 31.75, 34.02, 0, 0],
		[335, "R23_1", -253.59, 118.11, "T", "SMD", "$3N1537", "", "R", 50.49, 110.55, 0, 0],
		[336, "R23_2", -140.11, 118.11, "T", "SMD", "GND", "GND", "R", 50.49, 110.55, 0, 0],
		[337, "R26_1", 253.59, 118.11, "T", "SMD", "$3N1557", "", "R", 50.49, 110.55, 0, 180],
		[338, "R26_2", 140.11, 118.11, "T", "SMD", "GND", "GND", "R", 50.49, 110.55, 0, 180],
		[339, "R27_1", 341.05, 29.53, "T", "SMD", "$3N1554", "", "R", 31.75, 34.02, 0, 180],
		[340, "R27_2", 281.73, 29.53, "T", "SMD", "$3N1557", "", "R", 31.75, 34.02, 0, 180],
		[341, "R28_1", 868.46, 118.11, "T", "SMD", "$3N1558", "", "R", 50.49, 110.55, 0, 0],
		[342, "R28_2", 981.94, 118.11, "T", "SMD", "GND", "GND", "R", 50.49, 110.55, 0, 0],
		[343, "R29_1", 781.09, 29.53, "T", "SMD", "$3N1555", "", "R", 31.75, 34.02, 0, 0],
		[344, "R29_2", 840.41, 29.53, "T", "SMD", "$3N1558", "", "R", 31.75, 34.02, 0, 0],
		[345, "R31_1", 321.82, 1121.92, "T", "SMD", "GND", "GND", "R", 31.75, 34.02, 0, 90],
		[346, "R31_2", 321.82, 1181.24, "T", "SMD", "$3N40420", "", "R", 31.75, 34.02, 0, 90],
		[347, "R32_1", 374.02, 1102.23, "T", "SMD", "GND", "GND", "R", 31.75, 34.02, 0, 90],
		[348, "R32_2", 374.02, 1161.55, "T", "SMD", "$3N40219", "", "R", 31.75, 34.02, 0, 90],
		[349, "R35_1", -550.97, 1682.94, "T", "SMD", "LED", "", "R", 31.75, 34.02, 0, 90],
		[350, "R35_2", -550.97, 1742.26, "T", "SMD", "$1N106279", "", "R", 31.75, 34.02, 0, 90],
		[351, "U1_1", -936.03, 620.08, "T", "SMD", "GND", "GND", "P", 61.02, 11.81, 0, 270],
		[352, "U1_1", -905.51, 576.77, "T", "SMD", "GND", "GND", "P", 108.27, 47.24, 0, 270],
		[353, "U1_2", -638.78, 629.92, "T", "SMD", "+3.3V", "", "P", 61.02, 11.82, 0, 270],
		[354, "U1_3", -936.03, 639.76, "T", "SMD", "D+", "", "P", 61.02, 11.81, 0, 270],
		[355, "U1_4", -638.78, 649.61, "T", "SMD", "U1_4", "", "P", 61.02, 11.81, 0, 270],
		[356, "U1_5", -936.03, 659.45, "T", "SMD", "D-", "", "P", 61.02, 11.81, 0, 270],
		[357, "U1_6", -638.78, 669.29, "T", "SMD", "U1_6", "", "P", 61.02, 11.82, 0, 270],
		[358, "U1_7", -936.03, 679.13, "T", "SMD", "GND", "GND", "P", 61.02, 11.81, 0, 270],
		[359, "U1_8", -638.78, 688.98, "T", "SMD", "U1_8", "", "P", 61.02, 11.81, 0, 270],
		[360, "U1_9", -936.03, 698.82, "T", "SMD", "VUSB_IN", "", "P", 61.02, 11.81, 0, 270],
		[361, "U1_10", -638.78, 708.66, "T", "SMD", "M1_ENCX", "", "P", 61.02, 11.82, 0, 270],
		[362, "U1_11", -936.03, 718.5, "T", "SMD", "U1_11", "", "P", 61.02, 11.81, 0, 270],
		[363, "U1_12", -638.78, 728.34, "T", "SMD", "U1_12", "", "P", 61.02, 11.81, 0, 270],
		[364, "U1_13", -936.03, 738.19, "T", "SMD", "U1_13", "", "P", 61.02, 11.81, 0, 270],
		[365, "U1_14", -638.78, 748.03, "T", "SMD", "U1_14", "", "P", 61.02, 11.82, 0, 270],
		[366, "U1_15", -936.03, 757.87, "T", "SMD", "U1_15", "", "P", 61.02, 11.81, 0, 270],
		[367, "U1_16", -638.78, 767.71, "T", "SMD", "U1_16", "", "P", 61.02, 11.81, 0, 270],
		[368, "U1_17", -936.03, 777.56, "T", "SMD", "$1N74186", "", "P", 61.02, 11.81, 0, 270],
		[369, "U1_18", -638.78, 787.4, "T", "SMD", "PPS", "", "P", 61.02, 11.82, 0, 270],
		[370, "U1_19", -936.03, 797.24, "T", "SMD", "$1N74185", "", "P", 61.02, 11.81, 0, 270],
		[371, "U1_20", -638.78, 807.09, "T", "SMD", "RX_GPS", "", "P", 61.02, 11.81, 0, 270],
		[372, "U1_21", -936.03, 816.93, "T", "SMD", "U1_21", "", "P", 61.02, 11.81, 0, 270],
		[373, "U1_22", -638.78, 826.77, "T", "SMD", "TX_GPS", "", "P", 61.02, 11.82, 0, 270],
		[374, "U1_23", -936.03, 836.61, "T", "SMD", "U1_23", "", "P", 61.02, 11.81, 0, 270],
		[375, "U1_32", -638.78, 925.19, "T", "SMD", "M2_ENCX", "", "P", 61.02, 11.81, 0, 270],
		[376, "U1_33", -936.03, 935.04, "T", "SMD", "GND", "GND", "P", 61.02, 11.81, 0, 270],
		[377, "U1_34", -638.78, 944.88, "T", "SMD", "U1_34", "", "P", 61.02, 11.82, 0, 270],
		[378, "U1_35", -936.03, 954.72, "T", "SMD", "U1_35", "", "P", 61.02, 11.81, 0, 270],
		[379, "U1_36", -638.78, 964.56, "T", "SMD", "GND", "GND", "P", 61.02, 11.81, 0, 270],
		[380, "U1_37", -936.03, 974.41, "T", "SMD", "U1_37", "", "P", 61.02, 11.81, 0, 270],
		[381, "U1_38", -638.78, 984.25, "T", "SMD", "U1_38", "", "P", 61.02, 11.82, 0, 270],
		[382, "U1_39", -936.03, 994.09, "T", "SMD", "GND", "GND", "P", 61.02, 11.81, 0, 270],
		[383, "U1_40", -638.78, 1003.94, "T", "SMD", "M2_STEP", "", "P", 61.02, 11.81, 0, 270],
		[384, "U1_41", -936.03, 1013.78, "T", "SMD", "M1_ENCB", "", "P", 61.02, 11.81, 0, 270],
		[385, "U1_42", -638.78, 1023.62, "T", "SMD", "M2_DIR", "", "P", 61.02, 11.82, 0, 270],
		[386, "U1_43", -936.03, 1033.46, "T", "SMD", "M2_ENCB", "", "P", 61.02, 11.81, 0, 270],
		[387, "U1_44", -638.78, 1043.31, "T", "SMD", "M2_ENA", "", "P", 61.02, 11.81, 0, 270],
		[388, "U1_45", -936.03, 1053.15, "T", "SMD", "GND", "GND", "P", 61.02, 11.81, 0, 270],
		[389, "U1_46", -638.78, 1062.99, "T", "SMD", "M2_CS", "", "P", 61.02, 11.82, 0, 270],
		[390, "U1_47", -936.03, 1072.83, "T", "SMD", "M1_ENCA", "", "P", 61.02, 11.81, 0, 270],
		[391, "U1_48", -638.78, 1082.67, "T", "SMD", "U1_48", "", "P", 61.02, 11.81, 0, 270],
		[392, "U1_49", -936.03, 1092.52, "T", "SMD", "M1_STEP", "", "P", 61.02, 11.81, 0, 270],
		[393, "U1_50", -638.78, 1102.36, "T", "SMD", "U1_50", "", "P", 61.02, 11.82, 0, 270],
		[394, "U1_51", -936.03, 1112.2, "T", "SMD", "M1_DIR", "", "P", 61.02, 11.81, 0, 270],
		[395, "U1_52", -638.78, 1122.04, "T", "SMD", "U1_52", "", "P", 61.02, 11.81, 0, 270],
		[396, "U1_53", -936.03, 1131.89, "T", "SMD", "M1_ENA", "", "P", 61.02, 11.81, 0, 270],
		[397, "U1_54", -638.78, 1141.73, "T", "SMD", "TX_DEBUG", "", "P", 61.02, 11.82, 0, 270],
		[398, "U1_55", -936.03, 1151.57, "T", "SMD", "M1_CS", "", "P", 61.02, 11.81, 0, 270],
		[399, "U1_56", -638.78, 1161.41, "T", "SMD", "RX_DEBUG", "", "P", 61.02, 11.81, 0, 270],
		[400, "U1_57", -936.03, 1171.26, "T", "SMD", "SCK", "", "P", 61.02, 11.81, 0, 270],
		[401, "U1_58", -638.78, 1181.1, "T", "SMD", "RST_ESP", "", "P", 61.02, 11.82, 0, 270],
		[402, "U1_59", -936.03, 1190.94, "T", "SMD", "MOSI", "", "P", 61.02, 11.81, 0, 270],
		[403, "U1_60", -638.78, 1200.79, "T", "SMD", "PRG_ESP", "", "P", 61.02, 11.81, 0, 270],
		[404, "U1_61", -936.03, 1210.63, "T", "SMD", "MISO", "", "P", 61.02, 11.81, 0, 270],
		[405, "U1_62", -638.78, 1220.47, "T", "SMD", "LED", "", "P", 61.02, 11.82, 0, 270],
		[406, "U1_63", -936.03, 1230.31, "T", "SMD", "M2_ENCA", "", "P", 61.02, 11.81, 0, 270],
		[407, "U1_64", -638.78, 1240.16, "T", "SMD", "U1_64", "", "P", 61.02, 11.81, 0, 270],
		[408, "U1_65", -936.03, 1250, "T", "SMD", "U1_65", "", "P", 61.02, 11.81, 0, 270],
		[409, "U1_66", -638.78, 1259.84, "T", "SMD", "U1_66", "", "P", 61.02, 11.82, 0, 270],
		[410, "U1_67", -936.03, 1269.68, "T", "SMD", "U1_67", "", "P", 61.02, 11.81, 0, 270],
		[411, "U1_68", -638.78, 1279.52, "T", "SMD", "U1_68", "", "P", 61.02, 11.81, 0, 270],
		[412, "U1_69", -936.03, 1289.37, "T", "SMD", "U1_69", "", "P", 61.02, 11.81, 0, 270],
		[413, "U1_70", -638.78, 1299.21, "T", "SMD", "U1_70", "", "P", 61.02, 11.82, 0, 270],
		[414, "U1_71", -936.03, 1309.05, "T", "SMD", "U1_71", "", "P", 61.02, 11.81, 0, 270],
		[415, "U1_72", -638.78, 1318.89, "T", "SMD", "VBAT", "", "P", 61.02, 11.81, 0, 270],
		[416, "U1_73", -936.03, 1328.74, "T", "SMD", "U1_73", "", "P", 61.02, 11.81, 0, 270],
		[417, "U1_74", -638.78, 1338.58, "T", "SMD", "+3.3V", "", "P", 61.02, 11.82, 0, 270],
		[418, "U1_75", -905.51, 1391.73, "T", "SMD", "GND", "GND", "P", 108.27, 47.24, 0, 270],
		[419, "U1_75", -936.03, 1348.42, "T", "SMD", "GND", "GND", "P", 61.02, 11.81, 0, 270],
		[420, "U3_1", 189.43, 1007.87, "T", "SMD", "GND", "GND", "O", 27.56, 69.8, 0, 90],
		[421, "U3_2", 189.43, 1051.18, "T", "SMD", "RX_GPS", "", "O", 27.56, 69.8, 0, 90],
		[422, "U3_3", 189.43, 1094.49, "T", "SMD", "TX_GPS", "", "O", 27.56, 69.8, 0, 90],
		[423, "U3_4", 189.43, 1137.79, "T", "SMD", "PPS", "", "O", 27.56, 69.8, 0, 90],
		[424, "U3_5", 189.43, 1181.1, "T", "SMD", "U3_5", "", "O", 27.56, 69.8, 0, 90],
		[425, "U3_6", 189.43, 1224.41, "T", "SMD", "VBAT", "", "O", 27.56, 69.8, 0, 90],
		[426, "U3_7", 189.43, 1267.71, "T", "SMD", "U3_7", "", "O", 27.56, 69.8, 0, 90],
		[427, "U3_8", 189.43, 1311.02, "T", "SMD", "+3.3V", "", "O", 27.56, 69.8, 0, 90],
		[428, "U3_9", 189.43, 1354.33, "T", "SMD", "U3_9", "", "O", 27.56, 69.8, 0, 90],
		[429, "U3_10", -189.43, 1354.33, "T", "SMD", "GND", "GND", "O", 27.56, 69.8, 0, 90],
		[430, "U3_11", -189.43, 1311.02, "T", "SMD", "$1N143386", "", "O", 27.56, 69.8, 0, 90],
		[431, "U3_12", -189.43, 1267.71, "T", "SMD", "GND", "GND", "O", 27.56, 69.8, 0, 90],
		[432, "U3_13", -189.43, 1224.41, "T", "SMD", "U3_13", "", "O", 27.56, 69.8, 0, 90],
		[433, "U3_14", -189.43, 1181.1, "T", "SMD", "$1N92540", "", "O", 27.56, 69.8, 0, 90],
		[434, "U3_15", -189.43, 1137.79, "T", "SMD", "U3_15", "", "O", 27.56, 69.8, 0, 90],
		[435, "U3_16", -189.43, 1094.49, "T", "SMD", "U3_16", "", "O", 27.56, 69.8, 0, 90],
		[436, "U3_17", -189.43, 1051.18, "T", "SMD", "U3_17", "", "O", 27.56, 69.8, 0, 90],
		[437, "U3_18", -189.43, 1007.87, "T", "SMD", "U3_18", "", "O", 27.56, 69.8, 0, 90],
		[438, "U7_1", 648.28, 1248.03, "T", "SMD", "+5V", "", "R", 21.65, 43.31, 0, 270],
		[439, "U7_2", 648.28, 1210.63, "T", "SMD", "VCC", "", "R", 21.65, 43.31, 0, 270],
		[440, "U7_3", 648.28, 1173.23, "T", "SMD", "VCC", "", "R", 21.65, 43.31, 0, 270],
		[441, "U7_4", 754.57, 1173.23, "T", "SMD", "GND", "GND", "R", 21.65, 43.31, 0, 270],
		[442, "U7_5", 754.57, 1210.63, "T", "SMD", "$3N2780", "", "R", 21.65, 43.31, 0, 270],
		[443, "U7_6", 754.57, 1248.03, "T", "SMD", "$3N23825", "", "R", 21.65, 43.31, 0, 270],
		[444, "U8_1", 441.93, 1374.01, "T", "SMD", "$3N39869", "", "R", 53.15, 23.62, 0, 0],
		[445, "U8_1", 461.63, 1374.01, "T", "SMD", "$3N39869", "", "R", 13.78, 23.62, 0, 0],
		[446, "U8_2", 441.95, 1374.01, "T", "SMD", "$3N39869", "", "R", 13.78, 23.62, 0, 0],
		[447, "U8_3", 422.26, 1374.01, "T", "SMD", "$3N39869", "", "R", 13.78, 23.62, 0, 0],
		[448, "U8_4", 400.61, 1374.01, "T", "SMD", "$3N39858", "", "R", 13.78, 23.62, 0, 0],
		[449, "U8_5", 380.89, 1374.01, "T", "SMD", "U8_5", "", "R", 13.78, 23.62, 0, 0],
		[450, "U8_6", 361.21, 1374.01, "T", "SMD", "GND", "GND", "R", 13.78, 23.62, 0, 0],
		[451, "U8_7", 325.78, 1338.58, "T", "SMD", "$3N39977", "", "R", 13.78, 23.62, 0, 90],
		[452, "U8_8", 325.78, 1318.89, "T", "SMD", "U8_8", "", "R", 13.78, 23.62, 0, 90],
		[453, "U8_9", 325.78, 1299.21, "T", "SMD", "U8_9", "", "R", 13.78, 23.62, 0, 90],
		[454, "U8_10", 325.78, 1279.52, "T", "SMD", "U8_10", "", "R", 13.78, 23.62, 0, 90],
		[455, "U8_11", 325.78, 1259.84, "T", "SMD", "U8_11", "", "R", 13.78, 23.62, 0, 90],
		[456, "U8_12", 361.21, 1224.41, "T", "SMD", "$3N40264", "", "R", 13.78, 23.62, 0, 180],
		[457, "U8_13", 380.89, 1224.41, "T", "SMD", "$3N40420", "", "R", 13.78, 23.62, 0, 180],
		[458, "U8_14", 400.61, 1224.41, "T", "SMD", "$3N40219", "", "R", 13.78, 23.62, 0, 180],
		[459, "U8_15", 422.26, 1224.41, "T", "SMD", "VCC", "", "R", 13.78, 23.62, 0, 0],
		[460, "U8_16", 441.95, 1224.41, "T", "SMD", "VCC", "", "R", 13.78, 23.62, 0, 0],
		[461, "U8_17", 441.9, 1224.41, "T", "SMD", "VCC", "", "R", 53.15, 23.62, 0, 0],
		[462, "U8_17", 461.63, 1224.41, "T", "SMD", "VCC", "", "R", 13.78, 23.62, 0, 0],
		[463, "U8_18", 408.45, 1299.21, "T", "SMD", "U8_18", "", "R", 117.13, 102.36, 0, 0],
		[464, "U9_1", 654.18, 1120.08, "T", "SMD", "+3.3V", "", "R", 21.65, 43.31, 0, 90],
		[465, "U9_2", 654.18, 1082.68, "T", "SMD", "VCC", "", "R", 21.65, 43.31, 0, 90],
		[466, "U9_3", 654.18, 1045.28, "T", "SMD", "VCC", "", "R", 21.65, 43.31, 0, 90],
		[467, "U9_4", 748.66, 1045.28, "T", "SMD", "GND", "GND", "R", 21.65, 43.31, 0, 90],
		[468, "U9_5", 748.66, 1082.68, "T", "SMD", "$3N44061", "", "R", 21.65, 43.31, 0, 90],
		[469, "U9_6", 748.66, 1120.08, "T", "SMD", "$3N44065", "", "R", 21.65, 43.31, 0, 90]
	]
}
}